

CREATE DATABASE OnlineRetail;
GO

USE OnlineRetail;
GO

-- Create Tables


CREATE TABLE Customers
(
    CustomerID INT PRIMARY KEY,
    Name VARCHAR(100),
    Region VARCHAR(50)
);

CREATE TABLE Products
(
    ProductID INT PRIMARY KEY,
    ProductName VARCHAR(100),
    Category VARCHAR(50),
    Price DECIMAL(10,2)
);

CREATE TABLE Orders
(
    OrderID INT PRIMARY KEY,
    CustomerID INT,
    OrderDate DATE,

    FOREIGN KEY(CustomerID)
    REFERENCES Customers(CustomerID)
);

CREATE TABLE OrderDetails
(
    OrderDetailID INT PRIMARY KEY,
    OrderID INT,
    ProductID INT,
    Quantity INT,

    FOREIGN KEY(OrderID)
    REFERENCES Orders(OrderID),

    FOREIGN KEY(ProductID)
    REFERENCES Products(ProductID)
);


-- Insert Sample Data


INSERT INTO Customers VALUES
(1,'Alice','North'),
(2,'Bob','South'),
(3,'Charlie','East'),
(4,'David','West');

INSERT INTO Products VALUES
(1,'Laptop','Electronics',1200.00),
(2,'Smartphone','Electronics',800.00),
(3,'Tablet','Electronics',600.00),
(4,'Headphones','Accessories',150.00);

INSERT INTO Orders VALUES
(1,1,'2023-01-15'),
(2,2,'2023-02-20'),
(3,3,'2023-03-25'),
(4,4,'2023-04-30');

INSERT INTO OrderDetails VALUES
(1,1,1,1),
(2,2,2,2),
(3,3,3,1),
(4,4,4,3);


-- Display Tables


SELECT * FROM Customers;

SELECT * FROM Products;

SELECT * FROM Orders;

SELECT * FROM OrderDetails;





                --EXERCISE 1 NON-CLUSTERED INDEX

PRINT 'Exercise 1';

-- Before Creating Index

SELECT *
FROM Products
WHERE ProductName='Laptop';

-- Create Non-Clustered Index

CREATE NONCLUSTERED INDEX IX_ProductName
ON Products(ProductName);

-- After Creating Index

SELECT *
FROM Products
WHERE ProductName='Laptop';






     ---  EXERCISE 2 CLUSTERED INDEX

PRINT 'Exercise 2';

-- Before Creating Index

SELECT *
FROM Orders
WHERE OrderDate='2023-01-15';


CREATE NONCLUSTERED INDEX IX_OrderDate
ON Orders(OrderDate);

-- After Creating Index

SELECT *
FROM Orders
WHERE OrderDate='2023-01-15';





            --     EXERCISE 3 COMPOSITE INDEX

PRINT 'Exercise 3';

-- Before Creating Index

SELECT *
FROM Orders
WHERE CustomerID=1
AND OrderDate='2023-01-15';

-- Create Composite Index

CREATE INDEX IX_Customer_OrderDate
ON Orders(CustomerID,OrderDate);

-- After Creating Index

SELECT *
FROM Orders
WHERE CustomerID=1
AND OrderDate='2023-01-15';





       --  Display Created Indexes

SELECT
name AS IndexName,
type_desc AS IndexType
FROM sys.indexes
WHERE object_id = OBJECT_ID('Products');

SELECT
name AS IndexName,
type_desc AS IndexType
FROM sys.indexes
WHERE object_id = OBJECT_ID('Orders');